{
  "hash": "7b402d2e",
  "configHash": "2ddf9ab1",
  "lockfileHash": "36e4ae9f",
  "browserHash": "410f562c",
  "optimized": {
    "@angular/common": {
      "src": "../../../../../../node_modules/@angular/common/fesm2022/common.mjs",
      "file": "@angular_common.js",
      "fileHash": "eb04a5da",
      "needsInterop": false
    },
    "@angular/common/http": {
      "src": "../../../../../../node_modules/@angular/common/fesm2022/http.mjs",
      "file": "@angular_common_http.js",
      "fileHash": "312b6cd6",
      "needsInterop": false
    },
    "@angular/core": {
      "src": "../../../../../../node_modules/@angular/core/fesm2022/core.mjs",
      "file": "@angular_core.js",
      "fileHash": "00d1bb8f",
      "needsInterop": false
    },
    "@angular/forms": {
      "src": "../../../../../../node_modules/@angular/forms/fesm2022/forms.mjs",
      "file": "@angular_forms.js",
      "fileHash": "f08b75fb",
      "needsInterop": false
    },
    "@angular/platform-browser": {
      "src": "../../../../../../node_modules/@angular/platform-browser/fesm2022/platform-browser.mjs",
      "file": "@angular_platform-browser.js",
      "fileHash": "594b312d",
      "needsInterop": false
    },
    "@angular/router": {
      "src": "../../../../../../node_modules/@angular/router/fesm2022/router.mjs",
      "file": "@angular_router.js",
      "fileHash": "2ccc3a45",
      "needsInterop": false
    },
    "@ng-bootstrap/ng-bootstrap": {
      "src": "../../../../../../node_modules/@ng-bootstrap/ng-bootstrap/fesm2022/ng-bootstrap.mjs",
      "file": "@ng-bootstrap_ng-bootstrap.js",
      "fileHash": "cfdb1082",
      "needsInterop": false
    },
    "exceljs": {
      "src": "../../../../../../node_modules/exceljs/dist/exceljs.min.js",
      "file": "exceljs.js",
      "fileHash": "1e384d52",
      "needsInterop": true
    },
    "sweetalert2": {
      "src": "../../../../../../node_modules/sweetalert2/dist/sweetalert2.esm.all.js",
      "file": "sweetalert2.js",
      "fileHash": "87fac477",
      "needsInterop": false
    }
  },
  "chunks": {
    "chunk-BWAGZNDU": {
      "file": "chunk-BWAGZNDU.js"
    },
    "chunk-SGMQLIVK": {
      "file": "chunk-SGMQLIVK.js"
    },
    "chunk-4WWDQR6J": {
      "file": "chunk-4WWDQR6J.js"
    },
    "chunk-TB3NFEFA": {
      "file": "chunk-TB3NFEFA.js"
    },
    "chunk-PFLQT3DG": {
      "file": "chunk-PFLQT3DG.js"
    },
    "chunk-5Q4GJRSR": {
      "file": "chunk-5Q4GJRSR.js"
    }
  }
}